paths,antithetic,repetition,seed_key,value,standard_error,lower,upper,observations,confidence,error,interval_contains_analytical,seconds
2000,False,0,0.0,5.45660731144917,0.19295394991604772,5.078195398543794,5.8350192243545465,2000,0.95,-0.11691871080780025,True,0.0009675830001469876
2000,False,1,0.1,5.276719713234577,0.18768103187777804,4.908648791028396,5.644790635440758,2000,0.95,-0.2968063090223936,True,0.00014870900031382916
2000,False,2,0.2,5.123928996031644,0.18575678625330894,4.759631810864648,5.48822618119864,2000,0.95,-0.4495970262253266,False,0.00010487500003364403
2000,False,3,0.3,5.756571481954845,0.1978219343694459,5.368612714425319,6.144530249484371,2000,0.95,0.18304545969787434,True,9.36669998736761e-05
2000,False,4,0.4,5.31547885855476,0.18955530354972921,4.943732205797347,5.687225511312174,2000,0.95,-0.25804716370221037,True,8.904199967219029e-05
2000,False,5,0.5,5.759329799365474,0.19501346021274196,5.37687887491688,6.141780723814069,2000,0.95,0.1858037771085037,True,8.529199976692325e-05
2000,False,6,0.6,5.7224641423325595,0.1938477325253933,5.342299386393542,6.102628898271577,2000,0.95,0.14893812007558882,True,8.187499997802661e-05
2000,False,7,0.7,5.751448044692552,0.19578566006527756,5.367482719406502,6.135413369978601,2000,0.95,0.17792202243558108,True,7.958400010465994e-05
2000,False,8,0.8,5.4923792055551495,0.19157071704840484,5.116680021752577,5.868078389357722,2000,0.95,-0.08114681670182122,True,7.845799973438261e-05
2000,False,9,0.9,5.868719558704268,0.1959384128587284,5.484454662060407,6.2529844553481295,2000,0.95,0.2951935364472975,True,7.699999969190685e-05
2000,False,10,0.10,5.736684835713194,0.19691852932611636,5.350497782267382,6.122871889159006,2000,0.95,0.1631588134562234,True,7.804100005159853e-05
2000,False,11,0.11,6.03163382665378,0.20070962608970958,5.638011858406044,6.425255794901517,2000,0.95,0.45810780439680965,False,8.058399998844834e-05
2000,False,12,0.12,5.51768087466617,0.1947576527451454,5.135731627395943,5.899630121936397,2000,0.95,-0.055845147590800615,True,7.825000011507655e-05
2000,False,13,0.13,5.146401170809801,0.1825203466396909,4.788451133787348,5.504351207832254,2000,0.95,-0.4271248514471697,False,7.612500030518277e-05
2000,False,14,0.14,5.605260353144322,0.1919039611550306,5.228907627188778,5.9816130790998665,2000,0.95,0.03173433088735145,True,7.562500013591489e-05
2000,False,15,0.15,5.455176155252551,0.1921614867414016,5.078318382627565,5.8320339278775375,2000,0.95,-0.11834986700441963,True,7.445799974448164e-05
2000,False,16,0.16,5.922011110245836,0.1989935859422145,5.531754556570429,6.312267663921243,2000,0.95,0.34848508798886524,True,7.41250000828586e-05
2000,False,17,0.17,5.966741397141478,0.20262548531562327,5.569362138851994,6.364120655430962,2000,0.95,0.3932153748845071,True,7.437500016749254e-05
2000,False,18,0.18,5.700321045639348,0.1955245598356593,5.316867777439421,6.0837743138392755,2000,0.95,0.12679502338237736,True,7.529199956479715e-05
2000,False,19,0.19,5.896197815650558,0.2009773334803331,5.50205083267351,6.290344798627605,2000,0.95,0.322671793393587,True,7.54580000830174e-05
2000,False,20,0.20,5.416233096920229,0.19402598163759102,5.03571876748168,5.796747426358778,2000,0.95,-0.15729292533674144,True,7.337499982895679e-05
2000,False,21,0.21,5.803331350234628,0.19688045180148903,5.417218972580316,6.18944372788894,2000,0.95,0.2298053279776573,True,7.299999970200588e-05
2000,False,22,0.22,5.840791179635069,0.1973189706277247,5.453818800161914,6.227763559108224,2000,0.95,0.2672651573780982,True,7.41250000828586e-05
2000,False,23,0.23,5.512971130755406,0.19540343338024746,5.12975540987553,5.896186851635282,2000,0.95,-0.06055489150156479,True,7.320900022023125e-05
2000,False,24,0.24,5.635213011501672,0.19570109997701451,5.251413521352809,6.0190125016505345,2000,0.95,0.061686989244701174,True,7.445800019922899e-05
2000,False,25,0.25,5.584280396155092,0.19028942688035033,5.2110940163852515,5.957466775924933,2000,0.95,0.010754373898121727,True,7.35839998924348e-05
2000,False,26,0.26,5.356793160552497,0.1850827687671443,4.993817825735713,5.719768495369282,2000,0.95,-0.21673286170447348,True,7.75420003265026e-05
2000,False,27,0.27,5.670226531119519,0.1931170007797711,5.291494850781191,6.048958211457846,2000,0.95,0.09670050886254788,True,7.591600024170475e-05
2000,False,28,0.28,5.509717379921759,0.1929208310423836,5.131370418142503,5.888064341701015,2000,0.95,-0.06380864233521155,True,7.904200037955889e-05
2000,False,29,0.29,5.058951978480876,0.18592103412683592,4.694332678363453,5.4235712785983,2000,0.95,-0.5145740437760944,False,7.345799986069323e-05
2000,False,30,0.30,5.688671745397745,0.1928389928781268,5.310485280650545,6.066858210144944,2000,0.95,0.11514572314077398,True,7.316600022022612e-05
2000,False,31,0.31,5.573762485715086,0.1960423215698979,5.189293808354747,5.958231163075426,2000,0.95,0.00023646345811556557,True,7.487500033676042e-05
2000,False,32,0.32,5.401739273273841,0.18986537930274183,5.029384515013047,5.774094031534635,2000,0.95,-0.17178674898312973,True,7.4915999903169e-05
2000,False,33,0.33,5.517452117820602,0.19558107253427778,5.133888019661521,5.901016215979682,2000,0.95,-0.05607390443636895,True,7.433300015691202e-05
2000,False,34,0.34,5.644831901046157,0.19185964934777788,5.268566077254336,6.021097724837977,2000,0.95,0.07130587878918604,True,7.354200033660163e-05
2000,False,35,0.35,5.516043334260733,0.19408178773429352,5.1354195606163815,5.896667107905084,2000,0.95,-0.05748268799623801,True,7.512499996664701e-05
2000,False,36,0.36,5.4204710239547556,0.19026906410703376,5.047324578666723,5.793617469242788,2000,0.95,-0.15305499830221514,True,8.42079998619738e-05
2000,False,37,0.37,5.704162089248213,0.19384530377779732,5.324002096450992,6.084322082045435,2000,0.95,0.13063606699124275,True,7.858299977669958e-05
2000,False,38,0.38,5.634978885356551,0.19331383215579223,5.255861188885605,6.014096581827497,2000,0.95,0.06145286309958031,True,7.870899980844115e-05
2000,False,39,0.39,5.599145881970384,0.19320582483664192,5.2202400042067785,5.978051759733989,2000,0.95,0.025619859713413184,True,7.804200004102313e-05
2000,True,0,0.40,5.593550229368961,0.14691620960199306,5.305250459954397,5.881849998783524,1000,0.95,0.020024207111990044,True,8.129199977702228e-05
2000,True,1,0.41,5.577684521218835,0.15047065895081108,5.282409708475587,5.872959333962083,1000,0.95,0.004158498961864154,True,7.837500015739352e-05
2000,True,2,0.42,5.5455429703124635,0.14712534536290053,5.256832805123266,5.834253135501661,1000,0.95,-0.02798305194450723,True,7.404200005112216e-05
2000,True,3,0.43,5.376826645689154,0.14932032635574036,5.0838091782913075,5.6698441130870005,1000,0.95,-0.19669937656781666,True,7.254100000864128e-05
2000,True,4,0.44,5.676500459344362,0.14715582521849774,5.387730482270797,5.965270436417928,1000,0.95,0.10297443708739173,True,7.808300006217905e-05
2000,True,5,0.45,5.704221185061893,0.1486827217069035,5.412454915702271,5.995987454421516,1000,0.95,0.13069516280492266,True,8.416599985139328e-05
2000,True,6,0.46,5.5418783326728445,0.14753583518780386,5.252362646280866,5.831394019064823,1000,0.95,-0.031647689584126226,True,7.520799999838346e-05
2000,True,7,0.47,5.456454051546781,0.15420119081502573,5.153858661454306,5.759049441639256,1000,0.95,-0.11707197071018971,True,7.5459000072442e-05
2000,True,8,0.48,5.799333827663137,0.1496627295573672,5.505644448266313,6.093023207059961,1000,0.95,0.2258078054061663,True,7.599999980811845e-05
2000,True,9,0.49,5.670219597560312,0.14781850856298517,5.380149209484256,5.960289985636368,1000,0.95,0.0966935753033411,True,7.574999972348451e-05
2000,True,10,0.50,5.358889184722604,0.143892437115651,5.076523089427025,5.641255280018183,1000,0.95,-0.2146368375343668,True,7.52920000195445e-05
2000,True,11,0.51,5.598937035086697,0.15325564660882673,5.298197125593381,5.899676944580014,1000,0.95,0.025411012829726687,True,7.495799991374952e-05
2000,True,12,0.52,5.452646163301315,0.1456385652041386,5.166853568461247,5.738438758141384,1000,0.95,-0.12087985895565545,True,7.495800036849687e-05
2000,True,13,0.53,5.733047429191132,0.1457370347379053,5.447061603502295,6.01903325487997,1000,0.95,0.15952140693416172,True,7.537500005128095e-05
2000,True,14,0.54,5.609542930833615,0.15053081662202447,5.31415006819794,5.904935793469289,1000,0.95,0.03601690857664419,True,7.216700032586232e-05
2000,True,15,0.55,5.605095647219014,0.1437724555444754,5.3229649967351245,5.887226297702903,1000,0.95,0.031569624962043186,True,7.091699990269262e-05
2000,True,16,0.56,5.62233725751059,0.1491357167542219,5.3296820571879255,5.914992457833254,1000,0.95,0.04881123525361897,True,7.079099987095105e-05
2000,True,17,0.57,5.534728399994061,0.1501081204228763,5.240165011635439,5.829291788352684,1000,0.95,-0.03879762226290939,True,7.37499999559077e-05
2000,True,18,0.58,5.359552974835356,0.1506127776732606,5.063999276630643,5.65510667304007,1000,0.95,-0.21397304742161438,True,7.216699987111497e-05
2000,True,19,0.59,5.572074332699258,0.14644567982839912,5.284697903368116,5.8594507620304,1000,0.95,-0.0014516895577125766,True,7.112499997674604e-05
2000,True,20,0.60,5.681427286164221,0.14923087388029047,5.388585355067751,5.974269217260692,1000,0.95,0.10790126390725074,True,7.204200028354535e-05
2000,True,21,0.61,5.683646709455258,0.15472120233535758,5.380030879196168,5.987262539714347,1000,0.95,0.11012068719828694,True,7.145800009311642e-05
2000,True,22,0.62,5.713486038900377,0.14855039720770133,5.421979435391862,6.004992642408892,1000,0.95,0.13996001664340607,True,7.083399987095618e-05
2000,True,23,0.63,5.522060697239147,0.15420098927539283,5.219465702636249,5.824655691842045,1000,0.95,-0.05146532501782364,True,7.083299988153158e-05
2000,True,24,0.64,5.399274814016247,0.14460886450706134,5.1155028435466114,5.683046784485883,1000,0.95,-0.17425120824072327,True,7.079199986037565e-05
2000,True,25,0.65,5.6016813881202685,0.14615968899635381,5.314866170456353,5.888496605784184,1000,0.95,0.02815536586329781,True,7.154200011427747e-05
2000,True,26,0.66,5.71101961127517,0.15007120810340235,5.416528657491478,6.005510565058863,1000,0.95,0.13749358901819964,True,7.129100004021893e-05
2000,True,27,0.67,5.897994377468032,0.15104571972253192,5.601591099129765,6.1943976558062985,1000,0.95,0.324468355211061,False,7.062500026222551e-05
2000,True,28,0.68,5.598101183904584,0.14930241739855507,5.305118859995948,5.89108350781322,1000,0.95,0.024575161647613086,True,7.087500034685945e-05
2000,True,29,0.69,5.4142764344842504,0.14390772090312107,5.131880347178836,5.696672521789665,1000,0.95,-0.15924958777272025,True,7.054100024106447e-05
2000,True,30,0.70,5.554907235028842,0.1491159947381342,5.262290736036044,5.84752373402164,1000,0.95,-0.01861878722812893,True,7.179100020948681e-05
2000,True,31,0.71,5.302637156400697,0.14533843657528292,5.017433516412705,5.587840796388688,1000,0.95,-0.27088886585627403,True,7.058300025164499e-05
2000,True,32,0.72,5.732911468270078,0.1468323191469593,5.444776320573621,6.021046615966536,1000,0.95,0.15938544601310767,True,7.050000021990854e-05
2000,True,33,0.73,5.550271109655288,0.146405743317612,5.262973049395076,5.8375691699155,1000,0.95,-0.023254912601682776,True,7.03339997016883e-05
2000,True,34,0.74,5.5256998912635735,0.15517696979853018,5.221189689614865,5.830210092912282,1000,0.95,-0.047826130993397165,True,7.041599974400015e-05
2000,True,35,0.75,5.9005264379012266,0.1512133032440822,5.603794303470419,6.197258572332034,1000,0.95,0.32700041564425586,False,7.050000021990854e-05
2000,True,36,0.76,5.590660743138125,0.15492042783473645,5.28665396442149,5.89466752185476,1000,0.95,0.01713472088115431,True,7.066600028338144e-05
2000,True,37,0.77,5.65303145140502,0.1513086536577893,5.35611220690406,5.949950695905981,1000,0.95,0.0795054291480497,True,7.108399995559012e-05
2000,True,38,0.78,5.362656850823887,0.14607856792540558,5.076000820400865,5.649312881246909,1000,0.95,-0.21086917143308348,True,7.070800029396196e-05
2000,True,39,0.79,5.573368505789411,0.1477585133461248,5.28341584881487,5.863321162763952,1000,0.95,-0.00015751646756001492,True,7.112499997674604e-05
8000,False,0,0.80,5.614970238484327,0.09741381392033283,5.42401377719634,5.805926699772314,8000,0.95,0.04144421622735628,True,0.00014624999994339305
8000,False,1,0.81,5.682887180999658,0.0974439595755426,5.491871626371513,5.873902735627803,8000,0.95,0.10936115874268726,True,0.00014350000037666177
8000,False,2,0.82,5.594162949718032,0.0975595877201871,5.4029207337937315,5.785405165642333,8000,0.95,0.020636927461061383,True,0.00014408300012291875
8000,False,3,0.83,5.505135511021219,0.09649434842272507,5.315981441720914,5.6942895803215245,8000,0.95,-0.06839051123575146,True,0.00014375000000654836
8000,False,4,0.84,5.621916351111713,0.09745865739183791,5.4308719849333835,5.812960717290042,8000,0.95,0.04839032885474204,True,0.00014404200010176282
8000,False,5,0.85,5.701920404486749,0.09710029741551626,5.511578517250489,5.89226229172301,8000,0.95,0.12839438222977861,True,0.00014333399985844153
8000,False,6,0.86,5.464095736091245,0.09603351239024294,5.275845025508306,5.652346446674184,8000,0.95,-0.10943028616572548,True,0.00014237499999580905
8000,False,7,0.87,5.518820541462539,0.09637193259736511,5.329906439081459,5.707734643843619,8000,0.95,-0.05470548079443205,True,0.00014162500019665458
8000,False,8,0.88,5.603697322131585,0.09680747497889636,5.4139294431805185,5.793465201082651,8000,0.95,0.0301712998746142,True,0.00014224999995349208
8000,False,9,0.89,5.547338377159036,0.09660438170038234,5.357968613959891,5.736708140358181,8000,0.95,-0.026187645097934364,True,0.00014216699992175563
8000,False,10,0.90,5.565711006787886,0.09640129337077992,5.3767393496395055,5.754682663936267,8000,0.95,-0.007815015469084585,True,0.00014224999995349208
8000,False,11,0.91,5.5762715717911915,0.09645578956614793,5.3871930878982015,5.7653500556841815,8000,0.95,0.0027455495342207925,True,0.0001422919999640726
8000,False,12,0.92,5.66832977931108,0.09907378101795046,5.474119349924946,5.862540208697213,8000,0.95,0.09480375705410893,True,0.00014379200001712888
8000,False,13,0.93,5.4951818344675125,0.09560579964690208,5.307769552323305,5.68259411661172,8000,0.95,-0.07834418778945818,True,0.00014299999975264654
8000,False,14,0.94,5.622714845621,0.09637786084061212,5.433789122338258,5.8116405689037425,8000,0.95,0.04918882336402941,True,0.00014387500004886533
8000,False,15,0.95,5.52424635049925,0.09649548349326406,5.33509005616489,5.71340264483361,8000,0.95,-0.049279671757720855,True,0.00014287500016507693
8000,False,16,0.96,5.4181558454679895,0.09552617537230194,5.2308996476520555,5.605412043283923,8000,0.95,-0.15537017678898124,True,0.00014287500016507693
8000,False,17,0.97,5.534666102490963,0.09725877071635514,5.344013566286974,5.725318638694952,8000,0.95,-0.03885991976600778,True,0.00014179199979480472
8000,False,18,0.98,5.582787979082225,0.09761389759791689,5.39143930164444,5.774136656520009,8000,0.95,0.009261956825254103,True,0.00014270800011217943
8000,False,19,0.99,5.502175960568511,0.09626932908071165,5.31346298781851,5.690888933318512,8000,0.95,-0.07135006168845948,True,0.0001422919999640726
8000,False,20,0.100,5.521106040665204,0.09739002509899296,5.330196211666401,5.7120158696640075,8000,0.95,-0.05241998159176653,True,0.000142625000080443
8000,False,21,0.101,5.555663532352013,0.09606222204538148,5.367356543363277,5.743970521340749,8000,0.95,-0.017862489904957535,True,0.0001431660002708668
8000,False,22,0.102,5.608058427999802,0.09751985165929705,5.416894105110049,5.799222750889554,8000,0.95,0.034532405742830896,True,0.00014945800012355903
8000,False,23,0.103,5.52502091924117,0.0964846483676141,5.3358858645767135,5.714155973905626,8000,0.95,-0.0485051030158008,True,0.00014808300011281972
8000,False,24,0.104,5.58114669318193,0.09678573500892237,5.391421430237441,5.7708719561264195,8000,0.95,0.007620670924959327,True,0.00014716700025019236
8000,False,25,0.105,5.79992246329467,0.09917988827735823,5.6055040360285835,5.994340890560756,8000,0.95,0.22639644103769907,False,0.00014720800027134828
8000,False,26,0.106,5.455390635470007,0.09553113918341793,5.268124707290718,5.642656563649296,8000,0.95,-0.11813538678696389,True,0.00014854200026093167
8000,False,27,0.107,5.789602691271683,0.10026704440068783,5.593053154691384,5.986152227851981,8000,0.95,0.21607666901471223,False,0.0001465420000386075
8000,False,28,0.108,5.637830039233952,0.09654575728446668,5.448575195167503,5.827084883300401,8000,0.95,0.06430401697698152,True,0.00014712499978486449
8000,False,29,0.109,5.64793519727972,0.09818864755447518,5.455459860147453,5.840410534411987,8000,0.95,0.07440917502274935,True,0.0001454579996789107
8000,False,30,0.110,5.350953147269726,0.09419795229403785,5.166300612821636,5.535605681717816,8000,0.95,-0.22257287498724487,False,0.00015654200024073361
8000,False,31,0.111,5.50024244234118,0.09638531693499938,5.311302103170383,5.689182781511977,8000,0.95,-0.07328357991579093,True,0.00015325000003940659
8000,False,32,0.112,5.5528015604130925,0.09697450282901555,5.362706263348396,5.742896857477789,8000,0.95,-0.020724461843878217,True,0.00014629099996454897
8000,False,33,0.113,5.708482724751425,0.09693856748436017,5.518457870326991,5.89850757917586,8000,0.95,0.13495670249445446,True,0.00014845900022919523
8000,False,34,0.114,5.432327517922989,0.09688222026116641,5.24241311874008,5.622241917105898,8000,0.95,-0.14119850433398184,True,0.0001465410000491829
8000,False,35,0.115,5.556903856916029,0.09625444926780237,5.368220052477004,5.745587661355054,8000,0.95,-0.01662216534094174,True,0.000146709000091505
8000,False,36,0.116,5.768730363801227,0.0986451348887167,5.575360192533415,5.962100535069039,8000,0.95,0.19520434154425637,False,0.00014675000011266093
8000,False,37,0.117,5.425565705249475,0.09550323596357922,5.238354474652638,5.612776935846311,8000,0.95,-0.14796031700749612,True,0.00015029199994387454
8000,False,38,0.118,5.493283842095222,0.09532691023416727,5.306418255878453,5.68014942831199,8000,0.95,-0.08024218016174878,True,0.00014816600014455616
8000,False,39,0.119,5.566880837508076,0.09677954066546482,5.377167717091007,5.756593957925144,8000,0.95,-0.006645184748895083,True,0.00014687499970023055
8000,True,0,0.120,5.6253240630788826,0.07497658700227813,5.478328162315336,5.772319963842429,4000,0.95,0.05179804082191186,True,0.0001351669998257421
8000,True,1,0.121,5.5771217420746195,0.07322696279022411,5.433556079967319,5.72068740418192,4000,0.95,0.0035957198176488347,True,0.00013216699971962953
8000,True,2,0.122,5.472986006594848,0.07417036633406274,5.327570747710011,5.618401265479685,4000,0.95,-0.10054001566212278,True,0.00013175000003684545
8000,True,3,0.123,5.570905979195115,0.07544561236241525,5.422990527301664,5.718821431088566,4000,0.95,-0.0026200430618557036,True,0.00013116699983584112
8000,True,4,0.124,5.615046792436437,0.07364039513571674,5.470670572494213,5.759423012378661,4000,0.95,0.041520770179466204,True,0.0001305000000684231
8000,True,5,0.125,5.539394582225892,0.07316553539067366,5.395949352059941,5.682839812391843,4000,0.95,-0.0341314400310786,True,0.00013008299993089167
8000,True,6,0.126,5.747361914969504,0.07500855265823594,5.600303343703353,5.8944204862356555,4000,0.95,0.17383589271253364,False,0.0001292499996452534
8000,True,7,0.127,5.441019138047976,0.07214823248218008,5.299568388604106,5.582469887491847,4000,0.95,-0.13250688420899426,True,0.0001299579998885747
8000,True,8,0.128,5.573247800526513,0.0726861386250956,5.430742455225915,5.715753145827111,4000,0.95,-0.00027822173045777276,True,0.0001358750000690634
8000,True,9,0.129,5.634249987833066,0.0750284926299451,5.48715232310828,5.7813476525578515,4000,0.95,0.06072396557609494,True,0.00014474999989033677
8000,True,10,0.130,5.569036229122308,0.07510924331028762,5.421780248055463,5.716292210189153,4000,0.95,-0.0044897931346623565,True,0.00012987499985683826
8000,True,11,0.131,5.595811669117603,0.07397112932629965,5.450787025818145,5.740836312417062,4000,0.95,0.022285646860632724,True,0.00012999999989915523
8000,True,12,0.132,5.545752702514605,0.07352657263630932,5.401599638113284,5.689905766915926,4000,0.95,-0.027773319742365743,True,0.00012958400020579575
8000,True,13,0.133,5.47374273813112,0.07361611314466608,5.329414124425584,5.618071351836656,4000,0.95,-0.09978328412585036,True,0.00013054200007900363
8000,True,14,0.134,5.524408624981804,0.0747893630190908,5.377779787579682,5.671037462383927,4000,0.95,-0.0491173972751664,True,0.00012920900007884484
8000,True,15,0.135,5.500845383567926,0.07397746911297169,5.355808310752938,5.645882456382914,4000,0.95,-0.07268063868904484,True,0.0001306670001213206
8000,True,16,0.136,5.465506874587829,0.0738325277926385,5.320753967547679,5.610259781627979,4000,0.95,-0.10801914766914145,True,0.0001291250000576838
8000,True,17,0.137,5.532100895601228,0.07379930792522717,5.3874131180172,5.676788673185255,4000,0.95,-0.04142512665574305,True,0.0001295829997616238
8000,True,18,0.138,5.650500795769395,0.07351350422415959,5.5063733527399235,5.794628238798867,4000,0.95,0.07697477351242465,True,0.00013024999998378917
8000,True,19,0.139,5.526524302104088,0.07370288045082708,5.382025576116359,5.671023028091817,4000,0.95,-0.04700172015288295,True,0.00013099999978294363
8000,True,20,0.140,5.580134362583851,0.07404435575840687,5.43496615466272,5.725302570504982,4000,0.95,0.006608340326880402,True,0.00012937500014231773
8000,True,21,0.141,5.612651648930783,0.07379156992728375,5.467979042135709,5.757324255725858,4000,0.95,0.0391256266738127,True,0.00012962500022695167
8000,True,22,0.142,5.665849926167113,0.0751191982950016,5.518574427781548,5.813125424552679,4000,0.95,0.09232390391014267,True,0.00012908400003652787
8000,True,23,0.143,5.595002714842076,0.07201328529654763,5.453816537098528,5.736188892585624,4000,0.95,0.02147669258510554,True,0.00013024999998378917
8000,True,24,0.144,5.494908023900443,0.07278729155911313,5.352204362468834,5.637611685332052,4000,0.95,-0.07861799835652761,True,0.00012929200011058128
8000,True,25,0.145,5.5204325427569,0.07376711510275104,5.375807881048471,5.66505720446533,4000,0.95,-0.05309347950007037,True,0.00012929200011058128
8000,True,26,0.146,5.564457381099685,0.07378528102673952,5.419797104054966,5.709117658144404,4000,0.95,-0.009068641157285562,True,0.00012975000026926864
8000,True,27,0.147,5.579113220133894,0.07448208580293304,5.43308681734475,5.725139622923037,4000,0.95,0.005587197876923078,True,0.00012945800017405418
8000,True,28,0.148,5.540690731545694,0.07408116806435361,5.395450350986567,5.685931112104821,4000,0.95,-0.03283529071127678,True,0.00012904200002594735
8000,True,29,0.149,5.533858402937927,0.07240501055114426,5.391904225356649,5.675812580519205,4000,0.95,-0.03966761931904372,True,0.00013037500002610614
8000,True,30,0.150,5.478626791966827,0.07290425899158022,5.335693809172604,5.6215597747610495,4000,0.95,-0.09489923029014413,True,0.0001312080003117444
8000,True,31,0.151,5.51634805950746,0.0730155342153955,5.373196915252287,5.659499203762633,4000,0.95,-0.05717796274951059,True,0.00012979100029042456
8000,True,32,0.152,5.608174579570152,0.07304916342544976,5.464957503319119,5.751391655821185,4000,0.95,0.03464855731318117,True,0.00012916700006826431
8000,True,33,0.153,5.547184175338651,0.07438512517817109,5.401347869417681,5.69302048125962,4000,0.95,-0.026341846918319867,True,0.00012949999972988735
8000,True,34,0.154,5.593062095124307,0.07324198064520474,5.4494669896506345,5.73665720059798,4000,0.95,0.019536072867336607,True,0.0001293340001211618
8000,True,35,0.155,5.532442788636858,0.07257225910922799,5.390160710661205,5.67472486661251,4000,0.95,-0.04108323362011301,True,0.0001291250000576838
8000,True,36,0.156,5.583423129404173,0.07461057443346074,5.437144817282565,5.729701441525782,4000,0.95,0.00989710714720271,True,0.00013070800014247652
8000,True,37,0.157,5.554836788003342,0.07474562923372013,5.40829369319676,5.701379882809923,4000,0.95,-0.018689234253629117,True,0.00013020799997320864
8000,True,38,0.158,5.566005887282729,0.07410043665853898,5.4207277295391245,5.711284045026333,4000,0.95,-0.0075201349742419765,True,0.00012891699998363038
8000,True,39,0.159,5.662496044624795,0.07495752574964985,5.515537514540708,5.809454574708883,4000,0.95,0.0889700223678247,True,0.00012925000010000076
32000,False,0,0.160,5.63020181749134,0.04849742417786836,5.535145017231083,5.725258617751597,32000,0.95,0.056675795234369275,True,0.000447707999683189
32000,False,1,0.161,5.6016076822173195,0.04855765311615851,5.506432830941901,5.696782533492738,32000,0.95,0.028081659960348837,True,0.00044079200006308383
32000,False,2,0.162,5.565928772976499,0.04848184584689535,5.4709025068388435,5.660955039114155,32000,0.95,-0.007597249280471452,True,0.0004446250000000873
32000,False,3,0.163,5.536088642015973,0.048595833518447665,5.440838955696513,5.631338328335433,32000,0.95,-0.03743738024099752,True,0.0004461250000531436
32000,False,4,0.164,5.537807616214981,0.0481129428721274,5.443504413971592,5.63211081845837,32000,0.95,-0.0357184060419895,True,0.0004554160000225238
32000,False,5,0.165,5.645826162622231,0.04883485289271543,5.550107989217048,5.741544336027413,32000,0.95,0.07230014036526011,True,0.00044537500025398913
32000,False,6,0.166,5.574081117051694,0.04835094081752163,5.479311429762116,5.668850804341273,32000,0.95,0.0005550947947234874,True,0.00044337500003166497
32000,False,7,0.167,5.539015619114273,0.0480832342304005,5.444770646941254,5.633260591287292,32000,0.95,-0.03451040314269793,True,0.0004456249998838757
32000,False,8,0.168,5.579287047074413,0.04902466157181857,5.483196841422095,5.67537725272673,32000,0.95,0.0057610248174420065,True,0.00044441700038078125
32000,False,9,0.169,5.543454170189259,0.04825323224890704,5.448875995419117,5.6380323449594005,32000,0.95,-0.0300718520677119,True,0.00044566699989445624
32000,False,10,0.170,5.5844786792441825,0.04828845580113616,5.489831464968841,5.679125893519524,32000,0.95,0.010952656987211817,True,0.00045337500023379107
32000,False,11,0.171,5.45126877262852,0.048176508658273345,5.35684097902096,5.54569656623608,32000,0.95,-0.12225724962845064,False,0.0004444589999366144
32000,False,12,0.172,5.603521792547477,0.04845509968116041,5.508547949914309,5.698495635180645,32000,0.95,0.029995770290506485,True,0.00044412499983081943
32000,False,13,0.173,5.576906746909356,0.04868259836090848,5.481486998190928,5.672326495627783,32000,0.95,0.0033807246523851475,True,0.00044179099995744764
32000,False,14,0.174,5.571202633488583,0.04817682505181844,5.476774219737613,5.665631047239553,32000,0.95,-0.0023233887683877796,True,0.00044104200014771777
32000,False,15,0.175,5.515581478347339,0.048052161272713834,5.421397410355983,5.609765546338695,32000,0.95,-0.057944543909631996,True,0.00044195800001034513
32000,False,16,0.176,5.60824752148978,0.04866466198862447,5.512862928744819,5.703632114234741,32000,0.95,0.034721499232809094,True,0.0005353339997782314
32000,False,17,0.177,5.622961934854699,0.048637462204101964,5.527630654724342,5.718293214985056,32000,0.95,0.04943591259772795,True,0.0004442079998625559
32000,False,18,0.178,5.6331151697682635,0.048503721138230226,5.538046027225638,5.728184312310889,32000,0.95,0.05958914751129285,True,0.00044108399970355094
32000,False,19,0.179,5.473908067188963,0.04790191593926685,5.380018485778979,5.567797648598947,32000,0.95,-0.09961795506800808,False,0.0004429169998729776
32000,False,20,0.180,5.5100486245538365,0.04819407182741832,5.415586406465191,5.604510842642482,32000,0.95,-0.06347739770313421,True,0.00044083300008423976
32000,False,21,0.181,5.611405707486851,0.04858276381486103,5.516181638284678,5.706629776689024,32000,0.95,0.03787968522988017,True,0.0004385420002108731
32000,False,22,0.182,5.56948715232762,0.0480149593388868,5.475376001544817,5.663598303110423,32000,0.95,-0.004038869929350319,True,0.0004401659998620744
32000,False,23,0.183,5.610612515967278,0.04859657594726623,5.51536137445903,5.705863657475526,32000,0.95,0.0370864937103077,True,0.00044116700019003474
32000,False,24,0.184,5.630820776113136,0.0484980823361908,5.535762685837477,5.725878866388796,32000,0.95,0.05729475385616567,True,0.0004434170000422455
32000,False,25,0.185,5.497610484770603,0.0480010776709423,5.403526542586183,5.591694426955023,32000,0.95,-0.07591553748636759,True,0.00047766700026841136
32000,False,26,0.186,5.579919825294899,0.04857573478621191,5.484709533256847,5.675130117332952,32000,0.95,0.006393803037928691,True,0.0004609580000760616
32000,False,27,0.187,5.587621642781078,0.0484063479297009,5.4927433554393374,5.682499930122818,32000,0.95,0.014095620524106955,True,0.0005199999995966209
32000,False,28,0.188,5.604110996480059,0.04862822870377787,5.508797814362347,5.699424178597771,32000,0.95,0.030584974223088146,True,0.0005522920000657905
32000,False,29,0.189,5.561525771441277,0.04845606644300311,5.466550033918041,5.656501508964513,32000,0.95,-0.012000250815694002,True,0.0004650830001082795
32000,False,30,0.190,5.572336797545149,0.04829252461343447,5.477681608242587,5.6669919868477105,32000,0.95,-0.0011892247118217014,True,0.0004603750003298046
32000,False,31,0.191,5.543177013196963,0.04825755160464812,5.448590372324901,5.637763654069024,32000,0.95,-0.030349009060008036,True,0.000439165999978286
32000,False,32,0.192,5.504198652425917,0.04826735588181663,5.409592794796836,5.598804510054999,32000,0.95,-0.06932736983105325,True,0.0004369169996607525
32000,False,33,0.193,5.590271089145833,0.048885061954856805,5.49445450406473,5.686087674226937,32000,0.95,0.01674506688886268,True,0.00044449999995777034
32000,False,34,0.194,5.6724635137716675,0.048709696847228756,5.576990650986975,5.76793637655636,32000,0.95,0.09893749151469677,False,0.0004364579999673879
32000,False,35,0.195,5.522671987257954,0.048182826601135806,5.428231810241525,5.617112164274384,32000,0.95,-0.050854034999016307,True,0.0004312920000302256
32000,False,36,0.196,5.489533090482282,0.048089869046144255,5.3952751138174655,5.583791067147098,32000,0.95,-0.0839929317746888,True,0.00043133400004080613
32000,False,37,0.197,5.629917025534363,0.048954880170871656,5.533963594088184,5.725870456980542,32000,0.95,0.056391003277392215,True,0.00043425000012575765
32000,False,38,0.198,5.520846676845181,0.04817172883559496,5.426428251872293,5.6152651018180695,32000,0.95,-0.05267934541178931,True,0.000443249999989348
32000,False,39,0.199,5.568112424115546,0.04858897970911816,5.4728761715236605,5.663348676707432,32000,0.95,-0.005413598141424281,True,0.0004413339997881849
32000,True,0,0.200,5.569035437674192,0.037308260692407065,5.4959070580519915,5.642163817296393,16000,0.95,-0.00449058458277829,True,0.00036095799987378996
32000,True,1,0.201,5.524970912704739,0.036872953091658105,5.452695784852768,5.59724604055671,16000,0.95,-0.048555109552231634,True,0.00036016700005347957
32000,True,2,0.202,5.529644688074406,0.03703554557560244,5.457050860699355,5.602238515449456,16000,0.95,-0.04388133418256501,True,0.0003693329999805428
32000,True,3,0.203,5.601275154251619,0.03715706579319193,5.528443133606801,5.674107174896436,16000,0.95,0.027749131994648124,True,0.00035950000028606155
32000,True,4,0.204,5.613442478869011,0.037039555078328366,5.540840792418464,5.686044165319558,16000,0.95,0.03991645661204046,True,0.0003594160002649005
32000,True,5,0.205,5.604639400627915,0.03686680292024409,5.532376327802407,5.676902473453424,16000,0.95,0.031113378370944744,True,0.00035954200029664207
32000,True,6,0.206,5.627102990551237,0.03726257631059885,5.554064157446448,5.700141823656026,16000,0.95,0.053576968294266614,True,0.00036316600017016754
32000,True,7,0.207,5.572996534242576,0.03702635537861508,5.500420720685421,5.645572347799732,16000,0.95,-0.0005294880143944525,True,0.00036212499981047586
32000,True,8,0.208,5.590233087466505,0.036954108694131224,5.517798885522202,5.662667289410807,16000,0.95,0.016707065209534022,True,0.00036983299969506334
32000,True,9,0.209,5.570528524018151,0.03702803475980713,5.497949418685312,5.64310762935099,16000,0.95,-0.0029974982388196736,True,0.0003706249999595457
32000,True,10,0.210,5.5314091572657125,0.03692790243052292,5.459026322540306,5.603791991991119,16000,0.95,-0.04211686499125822,True,0.0003782920002777246
32000,True,11,0.211,5.498759742538492,0.036835972525770165,5.4265571007475355,5.570962384329448,16000,0.95,-0.07476627971847893,False,0.00036858400017081294
32000,True,12,0.212,5.495380866751666,0.03704965908626823,5.422759375311162,5.56800235819217,16000,0.95,-0.07814515550530476,False,0.0003676249998534331
32000,True,13,0.213,5.606608542764317,0.03690665822603022,5.534267349064841,5.678949736463792,16000,0.95,0.03308252050734595,True,0.0003672920001918101
32000,True,14,0.214,5.628990036119228,0.037308482334748205,5.555861222053155,5.702118850185302,16000,0.95,0.055464013862257744,True,0.00036249999993742676
32000,True,15,0.215,5.652080952856262,0.03745086383840045,5.578673055057604,5.72548885065492,16000,0.95,0.07855493059929142,False,0.00036216700027580373
32000,True,16,0.216,5.548799077634807,0.036985967826064774,5.476302428215033,5.621295727054581,16000,0.95,-0.02472694462216385,True,0.0003606250002121669
32000,True,17,0.217,5.618182816948551,0.03713583851955034,5.5453924041432945,5.690973229753807,16000,0.95,0.044656794691579904,True,0.00036104200034969836
32000,True,18,0.218,5.5911575992233,0.03709072283291538,5.518455618229067,5.663859580217533,16000,0.95,0.017631576966329554,True,0.00035829200032821973
32000,True,19,0.219,5.61725923045735,0.03735660332331583,5.544036093851054,5.6904823670636455,16000,0.95,0.04373320820037918,True,0.00035933300023316406
32000,True,20,0.220,5.564463653207468,0.03702180208077051,5.491896764625294,5.637030541789641,16000,0.95,-0.009062369049503083,True,0.00036066700022274745
32000,True,21,0.221,5.602090209624057,0.037096461123205755,5.529376980936608,5.674803438311507,16000,0.95,0.028564187367086546,True,0.00035829200032821973
32000,True,22,0.222,5.537445945569949,0.03697727899627049,5.464966327232083,5.609925563907816,16000,0.95,-0.03608007668702129,True,0.00036033300011695246
32000,True,23,0.223,5.557337295214287,0.036917469926410026,5.484974909368218,5.629699681060356,16000,0.95,-0.01618872704268348,True,0.0003619580002123257
32000,True,24,0.224,5.500789324530548,0.03664894372662269,5.428953280183979,5.572625368877118,16000,0.95,-0.07273669772642233,False,0.00035791699974652147
32000,True,25,0.225,5.5561624123155555,0.03719603190863582,5.483254013709672,5.629070810921439,16000,0.95,-0.01736360994141517,True,0.00036133399999016547
32000,True,26,0.226,5.520581441317352,0.03716646778856918,5.447730991706017,5.593431890928688,16000,0.95,-0.05294458093961829,True,0.00036104200034969836
32000,True,27,0.227,5.529076034827667,0.03676425347019271,5.457013970437669,5.601138099217665,16000,0.95,-0.04444998742930384,True,0.0003602090000640601
32000,True,28,0.228,5.595611829728733,0.03699368972332517,5.523100044523377,5.668123614934088,16000,0.95,0.02208580747176203,True,0.00035954200029664207
32000,True,29,0.229,5.580580674389198,0.0368027748448785,5.508443103779952,5.652718244998444,16000,0.95,0.007054652132227446,True,0.00035712500039153383
32000,True,30,0.230,5.589930718887605,0.03709542622126043,5.517219518724159,5.662641919051052,16000,0.95,0.016404696630634596,True,0.00037550000024566543
32000,True,31,0.231,5.550929308798357,0.03717420963015755,5.478063684308317,5.623794933288396,16000,0.95,-0.022596713458614026,True,0.0003590420001273742
32000,True,32,0.232,5.563310856418822,0.03739308326526114,5.4900162150306455,5.636605497806998,16000,0.95,-0.010215165838149076,True,0.0003592919997572608
32000,True,33,0.233,5.558556051801614,0.03674740141471482,5.486527019332363,5.630585084270865,16000,0.95,-0.014969970455356751,True,0.00035916700016969116
32000,True,34,0.234,5.5533970058931414,0.03715747973944103,5.480564173867201,5.626229837919082,16000,0.95,-0.020129016363829244,True,0.0003600830000323185
32000,True,35,0.235,5.579167656264509,0.036969751880255024,5.506702791919116,5.651632520609903,16000,0.95,0.005641634007538698,True,0.00035991599997942103
32000,True,36,0.236,5.5090275911635,0.03697009127524192,5.436562061565827,5.581493120761173,16000,0.95,-0.06449843109347064,True,0.00037795799971718225
32000,True,37,0.237,5.632264561437447,0.037243842203678275,5.559262449285534,5.70526667358936,16000,0.95,0.058738539180476224,True,0.0003597079999053676
32000,True,38,0.238,5.555287488429242,0.03695573048583666,5.482850107591116,5.627724869267368,16000,0.95,-0.018238533827728887,True,0.0003579579997676774
32000,True,39,0.239,5.593169645865666,0.037258119633684604,5.520139548347988,5.666199743383345,16000,0.95,0.01964362360869565,True,0.0003619170001911698
